gs://shehacks-1578767594591-vcm/A Baked Joint/Biscuit Sammie/biscuit-sammie0.jpg,Biscuit Sammie
gs://shehacks-1578767594591-vcm/A Baked Joint/Biscuit Sammie/biscuit-sammie1.jpg,Biscuit Sammie
gs://shehacks-1578767594591-vcm/A Baked Joint/Biscuit Sammie/biscuit-sammie10.jpg,Biscuit Sammie
gs://shehacks-1578767594591-vcm/A Baked Joint/Biscuit Sammie/biscuit-sammie11.jpg,Biscuit Sammie
gs://shehacks-1578767594591-vcm/A Baked Joint/Biscuit Sammie/biscuit-sammie12.jpg,Biscuit Sammie
gs://shehacks-1578767594591-vcm/A Baked Joint/Biscuit Sammie/biscuit-sammie13.jpg,Biscuit Sammie
gs://shehacks-1578767594591-vcm/A Baked Joint/Biscuit Sammie/biscuit-sammie14.jpg,Biscuit Sammie
gs://shehacks-1578767594591-vcm/A Baked Joint/Biscuit Sammie/biscuit-sammie15.jpg,Biscuit Sammie
gs://shehacks-1578767594591-vcm/A Baked Joint/Biscuit Sammie/biscuit-sammie16.jpg,Biscuit Sammie
gs://shehacks-1578767594591-vcm/A Baked Joint/Biscuit Sammie/biscuit-sammie17.jpg,Biscuit Sammie
gs://shehacks-1578767594591-vcm/A Baked Joint/Biscuit Sammie/biscuit-sammie18.jpg,Biscuit Sammie
gs://shehacks-1578767594591-vcm/A Baked Joint/Biscuit Sammie/biscuit-sammie19.jpg,Biscuit Sammie
gs://shehacks-1578767594591-vcm/A Baked Joint/Biscuit Sammie/biscuit-sammie2.jpg,Biscuit Sammie
gs://shehacks-1578767594591-vcm/A Baked Joint/Biscuit Sammie/biscuit-sammie20.jpg,Biscuit Sammie
gs://shehacks-1578767594591-vcm/A Baked Joint/Biscuit Sammie/biscuit-sammie21.jpg,Biscuit Sammie
gs://shehacks-1578767594591-vcm/A Baked Joint/Biscuit Sammie/biscuit-sammie22.jpg,Biscuit Sammie
gs://shehacks-1578767594591-vcm/A Baked Joint/Biscuit Sammie/biscuit-sammie23.jpg,Biscuit Sammie
gs://shehacks-1578767594591-vcm/A Baked Joint/Biscuit Sammie/biscuit-sammie24.jpg,Biscuit Sammie
gs://shehacks-1578767594591-vcm/A Baked Joint/Biscuit Sammie/biscuit-sammie25.jpg,Biscuit Sammie
gs://shehacks-1578767594591-vcm/A Baked Joint/Biscuit Sammie/biscuit-sammie26.jpg,Biscuit Sammie
gs://shehacks-1578767594591-vcm/A Baked Joint/Biscuit Sammie/biscuit-sammie27.jpg,Biscuit Sammie
gs://shehacks-1578767594591-vcm/A Baked Joint/Biscuit Sammie/biscuit-sammie28.jpg,Biscuit Sammie
gs://shehacks-1578767594591-vcm/A Baked Joint/Biscuit Sammie/biscuit-sammie29.jpg,Biscuit Sammie
gs://shehacks-1578767594591-vcm/A Baked Joint/Biscuit Sammie/biscuit-sammie3.jpg,Biscuit Sammie
gs://shehacks-1578767594591-vcm/A Baked Joint/Biscuit Sammie/biscuit-sammie4.jpg,Biscuit Sammie
gs://shehacks-1578767594591-vcm/A Baked Joint/Biscuit Sammie/biscuit-sammie5.jpg,Biscuit Sammie
gs://shehacks-1578767594591-vcm/A Baked Joint/Biscuit Sammie/biscuit-sammie6.jpg,Biscuit Sammie
gs://shehacks-1578767594591-vcm/A Baked Joint/Biscuit Sammie/biscuit-sammie7.jpg,Biscuit Sammie
gs://shehacks-1578767594591-vcm/A Baked Joint/Biscuit Sammie/biscuit-sammie8.jpg,Biscuit Sammie
gs://shehacks-1578767594591-vcm/A Baked Joint/Biscuit Sammie/biscuit-sammie9.jpg,Biscuit Sammie
gs://shehacks-1578767594591-vcm/A Baked Joint/BLT/blt0.jpg,BLT
gs://shehacks-1578767594591-vcm/A Baked Joint/BLT/blt1.jpg,BLT
gs://shehacks-1578767594591-vcm/A Baked Joint/BLT/blt10.jpg,BLT
gs://shehacks-1578767594591-vcm/A Baked Joint/BLT/blt11.jpg,BLT
gs://shehacks-1578767594591-vcm/A Baked Joint/BLT/blt12.jpg,BLT
gs://shehacks-1578767594591-vcm/A Baked Joint/BLT/blt13.jpg,BLT
gs://shehacks-1578767594591-vcm/A Baked Joint/BLT/blt14.jpg,BLT
gs://shehacks-1578767594591-vcm/A Baked Joint/BLT/blt15.jpg,BLT
gs://shehacks-1578767594591-vcm/A Baked Joint/BLT/blt16.jpg,BLT
gs://shehacks-1578767594591-vcm/A Baked Joint/BLT/blt17.jpg,BLT
gs://shehacks-1578767594591-vcm/A Baked Joint/BLT/blt18.jpg,BLT
gs://shehacks-1578767594591-vcm/A Baked Joint/BLT/blt19.jpg,BLT
gs://shehacks-1578767594591-vcm/A Baked Joint/BLT/blt2.jpg,BLT
gs://shehacks-1578767594591-vcm/A Baked Joint/BLT/blt20.jpg,BLT
gs://shehacks-1578767594591-vcm/A Baked Joint/BLT/blt21.jpg,BLT
gs://shehacks-1578767594591-vcm/A Baked Joint/BLT/blt22.jpg,BLT
gs://shehacks-1578767594591-vcm/A Baked Joint/BLT/blt23.jpg,BLT
gs://shehacks-1578767594591-vcm/A Baked Joint/BLT/blt24.jpg,BLT
gs://shehacks-1578767594591-vcm/A Baked Joint/BLT/blt25.jpg,BLT
gs://shehacks-1578767594591-vcm/A Baked Joint/BLT/blt26.jpg,BLT
gs://shehacks-1578767594591-vcm/A Baked Joint/BLT/blt27.jpg,BLT
gs://shehacks-1578767594591-vcm/A Baked Joint/BLT/blt28.jpg,BLT
gs://shehacks-1578767594591-vcm/A Baked Joint/BLT/blt29.jpg,BLT
gs://shehacks-1578767594591-vcm/A Baked Joint/BLT/blt3.jpg,BLT
gs://shehacks-1578767594591-vcm/A Baked Joint/BLT/blt4.jpg,BLT
gs://shehacks-1578767594591-vcm/A Baked Joint/BLT/blt5.jpg,BLT
gs://shehacks-1578767594591-vcm/A Baked Joint/BLT/blt6.jpg,BLT
gs://shehacks-1578767594591-vcm/A Baked Joint/BLT/blt7.jpg,BLT
gs://shehacks-1578767594591-vcm/A Baked Joint/BLT/blt8.jpg,BLT
gs://shehacks-1578767594591-vcm/A Baked Joint/BLT/blt9.jpg,BLT
gs://shehacks-1578767594591-vcm/A Baked Joint/NC Country Ham/nc-country-ham0.jpg,NC Country Ham
gs://shehacks-1578767594591-vcm/A Baked Joint/NC Country Ham/nc-country-ham1.jpg,NC Country Ham
gs://shehacks-1578767594591-vcm/A Baked Joint/NC Country Ham/nc-country-ham10.jpg,NC Country Ham
gs://shehacks-1578767594591-vcm/A Baked Joint/NC Country Ham/nc-country-ham11.jpg,NC Country Ham
gs://shehacks-1578767594591-vcm/A Baked Joint/NC Country Ham/nc-country-ham12.jpg,NC Country Ham
gs://shehacks-1578767594591-vcm/A Baked Joint/NC Country Ham/nc-country-ham13.jpg,NC Country Ham
gs://shehacks-1578767594591-vcm/A Baked Joint/NC Country Ham/nc-country-ham14.jpg,NC Country Ham
gs://shehacks-1578767594591-vcm/A Baked Joint/NC Country Ham/nc-country-ham15.jpg,NC Country Ham
gs://shehacks-1578767594591-vcm/A Baked Joint/NC Country Ham/nc-country-ham16.jpg,NC Country Ham
gs://shehacks-1578767594591-vcm/A Baked Joint/NC Country Ham/nc-country-ham17.jpg,NC Country Ham
gs://shehacks-1578767594591-vcm/A Baked Joint/NC Country Ham/nc-country-ham2.jpg,NC Country Ham
gs://shehacks-1578767594591-vcm/A Baked Joint/NC Country Ham/nc-country-ham3.jpg,NC Country Ham
gs://shehacks-1578767594591-vcm/A Baked Joint/NC Country Ham/nc-country-ham4.jpg,NC Country Ham
gs://shehacks-1578767594591-vcm/A Baked Joint/NC Country Ham/nc-country-ham5.jpg,NC Country Ham
gs://shehacks-1578767594591-vcm/A Baked Joint/NC Country Ham/nc-country-ham6.jpg,NC Country Ham
gs://shehacks-1578767594591-vcm/A Baked Joint/NC Country Ham/nc-country-ham7.jpg,NC Country Ham
gs://shehacks-1578767594591-vcm/A Baked Joint/NC Country Ham/nc-country-ham8.jpg,NC Country Ham
gs://shehacks-1578767594591-vcm/A Baked Joint/NC Country Ham/nc-country-ham9.jpg,NC Country Ham
gs://shehacks-1578767594591-vcm/A Baked Joint/Nutella Butter  Maldon Salt/nutella-butter-and-maldon-salt0.jpg,Nutella Butter  Maldon Salt
gs://shehacks-1578767594591-vcm/A Baked Joint/Nutella Butter  Maldon Salt/nutella-butter-and-maldon-salt1.jpg,Nutella Butter  Maldon Salt
gs://shehacks-1578767594591-vcm/A Baked Joint/Nutella Butter  Maldon Salt/nutella-butter-and-maldon-salt2.jpg,Nutella Butter  Maldon Salt
gs://shehacks-1578767594591-vcm/A Baked Joint/Nutella Butter  Maldon Salt/nutella-butter-and-maldon-salt3.jpg,Nutella Butter  Maldon Salt
gs://shehacks-1578767594591-vcm/A Baked Joint/Nutella Butter  Maldon Salt/nutella-butter-and-maldon-salt4.jpg,Nutella Butter  Maldon Salt
"gs://shehacks-1578767594591-vcm/A Baked Joint/Nutella, Butter & Maldon Salt/nutella-butter-and-maldon-salt0.jpg","Nutella, Butter & Maldon Salt"
"gs://shehacks-1578767594591-vcm/A Baked Joint/Nutella, Butter & Maldon Salt/nutella-butter-and-maldon-salt1.jpg","Nutella, Butter & Maldon Salt"
"gs://shehacks-1578767594591-vcm/A Baked Joint/Nutella, Butter & Maldon Salt/nutella-butter-and-maldon-salt2.jpg","Nutella, Butter & Maldon Salt"
"gs://shehacks-1578767594591-vcm/A Baked Joint/Nutella, Butter & Maldon Salt/nutella-butter-and-maldon-salt3.jpg","Nutella, Butter & Maldon Salt"
"gs://shehacks-1578767594591-vcm/A Baked Joint/Nutella, Butter & Maldon Salt/nutella-butter-and-maldon-salt4.jpg","Nutella, Butter & Maldon Salt"
gs://shehacks-1578767594591-vcm/A Baked Joint/Oatmeal/oatmeal0.jpg,Oatmeal
gs://shehacks-1578767594591-vcm/A Baked Joint/Oatmeal/oatmeal1.jpg,Oatmeal
gs://shehacks-1578767594591-vcm/A Baked Joint/Oatmeal/oatmeal10.jpg,Oatmeal
gs://shehacks-1578767594591-vcm/A Baked Joint/Oatmeal/oatmeal11.jpg,Oatmeal
gs://shehacks-1578767594591-vcm/A Baked Joint/Oatmeal/oatmeal13.jpg,Oatmeal
gs://shehacks-1578767594591-vcm/A Baked Joint/Oatmeal/oatmeal14.jpg,Oatmeal
gs://shehacks-1578767594591-vcm/A Baked Joint/Oatmeal/oatmeal15.jpg,Oatmeal
gs://shehacks-1578767594591-vcm/A Baked Joint/Oatmeal/oatmeal16.jpg,Oatmeal
gs://shehacks-1578767594591-vcm/A Baked Joint/Oatmeal/oatmeal17.jpg,Oatmeal
gs://shehacks-1578767594591-vcm/A Baked Joint/Oatmeal/oatmeal18.jpg,Oatmeal
gs://shehacks-1578767594591-vcm/A Baked Joint/Oatmeal/oatmeal19.jpg,Oatmeal
gs://shehacks-1578767594591-vcm/A Baked Joint/Oatmeal/oatmeal2.jpg,Oatmeal
gs://shehacks-1578767594591-vcm/A Baked Joint/Oatmeal/oatmeal20.jpg,Oatmeal
gs://shehacks-1578767594591-vcm/A Baked Joint/Oatmeal/oatmeal21.jpg,Oatmeal
gs://shehacks-1578767594591-vcm/A Baked Joint/Oatmeal/oatmeal22.jpg,Oatmeal
gs://shehacks-1578767594591-vcm/A Baked Joint/Oatmeal/oatmeal23.jpg,Oatmeal
gs://shehacks-1578767594591-vcm/A Baked Joint/Oatmeal/oatmeal24.jpg,Oatmeal
gs://shehacks-1578767594591-vcm/A Baked Joint/Oatmeal/oatmeal25.jpg,Oatmeal
gs://shehacks-1578767594591-vcm/A Baked Joint/Oatmeal/oatmeal26.jpg,Oatmeal
gs://shehacks-1578767594591-vcm/A Baked Joint/Oatmeal/oatmeal27.jpg,Oatmeal
gs://shehacks-1578767594591-vcm/A Baked Joint/Oatmeal/oatmeal28.jpg,Oatmeal
gs://shehacks-1578767594591-vcm/A Baked Joint/Oatmeal/oatmeal3.jpg,Oatmeal
gs://shehacks-1578767594591-vcm/A Baked Joint/Oatmeal/oatmeal4.jpg,Oatmeal
gs://shehacks-1578767594591-vcm/A Baked Joint/Oatmeal/oatmeal5.jpg,Oatmeal
gs://shehacks-1578767594591-vcm/A Baked Joint/Oatmeal/oatmeal6.jpg,Oatmeal
gs://shehacks-1578767594591-vcm/A Baked Joint/Oatmeal/oatmeal7.jpg,Oatmeal
gs://shehacks-1578767594591-vcm/A Baked Joint/Oatmeal/oatmeal8.jpg,Oatmeal
gs://shehacks-1578767594591-vcm/A Baked Joint/Oatmeal/oatmeal9.jpg,Oatmeal
gs://shehacks-1578767594591-vcm/A Baked Joint/Prosciutto/prosciutto0.jpg,Prosciutto
gs://shehacks-1578767594591-vcm/A Baked Joint/Prosciutto/prosciutto1.jpg,Prosciutto
gs://shehacks-1578767594591-vcm/A Baked Joint/Prosciutto/prosciutto10.jpg,Prosciutto
gs://shehacks-1578767594591-vcm/A Baked Joint/Prosciutto/prosciutto11.jpg,Prosciutto
gs://shehacks-1578767594591-vcm/A Baked Joint/Prosciutto/prosciutto12.jpg,Prosciutto
gs://shehacks-1578767594591-vcm/A Baked Joint/Prosciutto/prosciutto13.jpg,Prosciutto
gs://shehacks-1578767594591-vcm/A Baked Joint/Prosciutto/prosciutto14.jpg,Prosciutto
gs://shehacks-1578767594591-vcm/A Baked Joint/Prosciutto/prosciutto15.jpg,Prosciutto
gs://shehacks-1578767594591-vcm/A Baked Joint/Prosciutto/prosciutto17.jpg,Prosciutto
gs://shehacks-1578767594591-vcm/A Baked Joint/Prosciutto/prosciutto18.jpg,Prosciutto
gs://shehacks-1578767594591-vcm/A Baked Joint/Prosciutto/prosciutto19.jpg,Prosciutto
gs://shehacks-1578767594591-vcm/A Baked Joint/Prosciutto/prosciutto2.jpg,Prosciutto
gs://shehacks-1578767594591-vcm/A Baked Joint/Prosciutto/prosciutto20.jpg,Prosciutto
gs://shehacks-1578767594591-vcm/A Baked Joint/Prosciutto/prosciutto21.jpg,Prosciutto
gs://shehacks-1578767594591-vcm/A Baked Joint/Prosciutto/prosciutto22.jpg,Prosciutto
gs://shehacks-1578767594591-vcm/A Baked Joint/Prosciutto/prosciutto23.jpg,Prosciutto
gs://shehacks-1578767594591-vcm/A Baked Joint/Prosciutto/prosciutto24.jpg,Prosciutto
gs://shehacks-1578767594591-vcm/A Baked Joint/Prosciutto/prosciutto25.jpg,Prosciutto
gs://shehacks-1578767594591-vcm/A Baked Joint/Prosciutto/prosciutto26.jpg,Prosciutto
gs://shehacks-1578767594591-vcm/A Baked Joint/Prosciutto/prosciutto27.jpg,Prosciutto
gs://shehacks-1578767594591-vcm/A Baked Joint/Prosciutto/prosciutto3.jpg,Prosciutto
gs://shehacks-1578767594591-vcm/A Baked Joint/Prosciutto/prosciutto4.jpg,Prosciutto
gs://shehacks-1578767594591-vcm/A Baked Joint/Prosciutto/prosciutto6.jpg,Prosciutto
gs://shehacks-1578767594591-vcm/A Baked Joint/Prosciutto/prosciutto7.jpg,Prosciutto
gs://shehacks-1578767594591-vcm/A Baked Joint/Prosciutto/prosciutto8.jpg,Prosciutto
gs://shehacks-1578767594591-vcm/A Baked Joint/Savory Oatmeal/savory-oatmeal0.jpg,Savory Oatmeal
gs://shehacks-1578767594591-vcm/A Baked Joint/Savory Oatmeal/savory-oatmeal1.jpg,Savory Oatmeal
gs://shehacks-1578767594591-vcm/A Baked Joint/Savory Oatmeal/savory-oatmeal10.jpg,Savory Oatmeal
gs://shehacks-1578767594591-vcm/A Baked Joint/Savory Oatmeal/savory-oatmeal11.jpg,Savory Oatmeal
gs://shehacks-1578767594591-vcm/A Baked Joint/Savory Oatmeal/savory-oatmeal12.jpg,Savory Oatmeal
gs://shehacks-1578767594591-vcm/A Baked Joint/Savory Oatmeal/savory-oatmeal13.jpg,Savory Oatmeal
gs://shehacks-1578767594591-vcm/A Baked Joint/Savory Oatmeal/savory-oatmeal14.jpg,Savory Oatmeal
gs://shehacks-1578767594591-vcm/A Baked Joint/Savory Oatmeal/savory-oatmeal15.jpg,Savory Oatmeal
gs://shehacks-1578767594591-vcm/A Baked Joint/Savory Oatmeal/savory-oatmeal16.jpg,Savory Oatmeal
gs://shehacks-1578767594591-vcm/A Baked Joint/Savory Oatmeal/savory-oatmeal17.jpg,Savory Oatmeal
gs://shehacks-1578767594591-vcm/A Baked Joint/Savory Oatmeal/savory-oatmeal18.jpg,Savory Oatmeal
gs://shehacks-1578767594591-vcm/A Baked Joint/Savory Oatmeal/savory-oatmeal19.jpg,Savory Oatmeal
gs://shehacks-1578767594591-vcm/A Baked Joint/Savory Oatmeal/savory-oatmeal2.jpg,Savory Oatmeal
gs://shehacks-1578767594591-vcm/A Baked Joint/Savory Oatmeal/savory-oatmeal20.jpg,Savory Oatmeal
gs://shehacks-1578767594591-vcm/A Baked Joint/Savory Oatmeal/savory-oatmeal21.jpg,Savory Oatmeal
gs://shehacks-1578767594591-vcm/A Baked Joint/Savory Oatmeal/savory-oatmeal22.jpg,Savory Oatmeal
gs://shehacks-1578767594591-vcm/A Baked Joint/Savory Oatmeal/savory-oatmeal23.jpg,Savory Oatmeal
gs://shehacks-1578767594591-vcm/A Baked Joint/Savory Oatmeal/savory-oatmeal24.jpg,Savory Oatmeal
gs://shehacks-1578767594591-vcm/A Baked Joint/Savory Oatmeal/savory-oatmeal25.jpg,Savory Oatmeal
gs://shehacks-1578767594591-vcm/A Baked Joint/Savory Oatmeal/savory-oatmeal26.jpg,Savory Oatmeal
gs://shehacks-1578767594591-vcm/A Baked Joint/Savory Oatmeal/savory-oatmeal3.jpg,Savory Oatmeal
gs://shehacks-1578767594591-vcm/A Baked Joint/Savory Oatmeal/savory-oatmeal4.jpg,Savory Oatmeal
gs://shehacks-1578767594591-vcm/A Baked Joint/Savory Oatmeal/savory-oatmeal5.jpg,Savory Oatmeal
gs://shehacks-1578767594591-vcm/A Baked Joint/Savory Oatmeal/savory-oatmeal6.jpg,Savory Oatmeal
gs://shehacks-1578767594591-vcm/A Baked Joint/Savory Oatmeal/savory-oatmeal7.jpg,Savory Oatmeal
gs://shehacks-1578767594591-vcm/A Baked Joint/Savory Oatmeal/savory-oatmeal8.jpg,Savory Oatmeal
gs://shehacks-1578767594591-vcm/A Baked Joint/Savory Oatmeal/savory-oatmeal9.jpg,Savory Oatmeal
gs://shehacks-1578767594591-vcm/A Baked Joint/Smoked Salmon/smoked-salmon0.jpg,Smoked Salmon
gs://shehacks-1578767594591-vcm/A Baked Joint/Smoked Salmon/smoked-salmon1.jpg,Smoked Salmon
gs://shehacks-1578767594591-vcm/A Baked Joint/Smoked Salmon/smoked-salmon10.jpg,Smoked Salmon
gs://shehacks-1578767594591-vcm/A Baked Joint/Smoked Salmon/smoked-salmon11.jpg,Smoked Salmon
gs://shehacks-1578767594591-vcm/A Baked Joint/Smoked Salmon/smoked-salmon12.jpg,Smoked Salmon
gs://shehacks-1578767594591-vcm/A Baked Joint/Smoked Salmon/smoked-salmon13.jpg,Smoked Salmon
gs://shehacks-1578767594591-vcm/A Baked Joint/Smoked Salmon/smoked-salmon14.jpg,Smoked Salmon
gs://shehacks-1578767594591-vcm/A Baked Joint/Smoked Salmon/smoked-salmon15.jpg,Smoked Salmon
gs://shehacks-1578767594591-vcm/A Baked Joint/Smoked Salmon/smoked-salmon16.jpg,Smoked Salmon
gs://shehacks-1578767594591-vcm/A Baked Joint/Smoked Salmon/smoked-salmon18.jpg,Smoked Salmon
gs://shehacks-1578767594591-vcm/A Baked Joint/Smoked Salmon/smoked-salmon19.jpg,Smoked Salmon
gs://shehacks-1578767594591-vcm/A Baked Joint/Smoked Salmon/smoked-salmon2.jpg,Smoked Salmon
gs://shehacks-1578767594591-vcm/A Baked Joint/Smoked Salmon/smoked-salmon20.jpg,Smoked Salmon
gs://shehacks-1578767594591-vcm/A Baked Joint/Smoked Salmon/smoked-salmon21.jpg,Smoked Salmon
gs://shehacks-1578767594591-vcm/A Baked Joint/Smoked Salmon/smoked-salmon22.jpg,Smoked Salmon
gs://shehacks-1578767594591-vcm/A Baked Joint/Smoked Salmon/smoked-salmon23.jpg,Smoked Salmon
gs://shehacks-1578767594591-vcm/A Baked Joint/Smoked Salmon/smoked-salmon25.jpg,Smoked Salmon
gs://shehacks-1578767594591-vcm/A Baked Joint/Smoked Salmon/smoked-salmon26.jpg,Smoked Salmon
gs://shehacks-1578767594591-vcm/A Baked Joint/Smoked Salmon/smoked-salmon28.jpg,Smoked Salmon
gs://shehacks-1578767594591-vcm/A Baked Joint/Smoked Salmon/smoked-salmon29.jpg,Smoked Salmon
gs://shehacks-1578767594591-vcm/A Baked Joint/Smoked Salmon/smoked-salmon3.jpg,Smoked Salmon
gs://shehacks-1578767594591-vcm/A Baked Joint/Smoked Salmon/smoked-salmon4.jpg,Smoked Salmon
gs://shehacks-1578767594591-vcm/A Baked Joint/Smoked Salmon/smoked-salmon5.jpg,Smoked Salmon
gs://shehacks-1578767594591-vcm/A Baked Joint/Smoked Salmon/smoked-salmon6.jpg,Smoked Salmon
gs://shehacks-1578767594591-vcm/A Baked Joint/Smoked Salmon/smoked-salmon7.jpg,Smoked Salmon
gs://shehacks-1578767594591-vcm/A Baked Joint/Smoked Salmon/smoked-salmon8.jpg,Smoked Salmon
gs://shehacks-1578767594591-vcm/A Baked Joint/Smoked Salmon/smoked-salmon9.jpg,Smoked Salmon
gs://shehacks-1578767594591-vcm/A Baked Joint/Tomato/tomato0.jpg,Tomato
gs://shehacks-1578767594591-vcm/A Baked Joint/Tomato/tomato1.jpg,Tomato
gs://shehacks-1578767594591-vcm/A Baked Joint/Tomato/tomato10.jpg,Tomato
gs://shehacks-1578767594591-vcm/A Baked Joint/Tomato/tomato11.jpg,Tomato
gs://shehacks-1578767594591-vcm/A Baked Joint/Tomato/tomato12.jpg,Tomato
gs://shehacks-1578767594591-vcm/A Baked Joint/Tomato/tomato13.jpg,Tomato
gs://shehacks-1578767594591-vcm/A Baked Joint/Tomato/tomato14.jpg,Tomato
gs://shehacks-1578767594591-vcm/A Baked Joint/Tomato/tomato15.jpg,Tomato
gs://shehacks-1578767594591-vcm/A Baked Joint/Tomato/tomato16.jpg,Tomato
gs://shehacks-1578767594591-vcm/A Baked Joint/Tomato/tomato17.jpg,Tomato
gs://shehacks-1578767594591-vcm/A Baked Joint/Tomato/tomato18.jpg,Tomato
gs://shehacks-1578767594591-vcm/A Baked Joint/Tomato/tomato19.jpg,Tomato
gs://shehacks-1578767594591-vcm/A Baked Joint/Tomato/tomato2.jpg,Tomato
gs://shehacks-1578767594591-vcm/A Baked Joint/Tomato/tomato20.jpg,Tomato
gs://shehacks-1578767594591-vcm/A Baked Joint/Tomato/tomato3.jpg,Tomato
gs://shehacks-1578767594591-vcm/A Baked Joint/Tomato/tomato4.jpg,Tomato
gs://shehacks-1578767594591-vcm/A Baked Joint/Tomato/tomato5.jpg,Tomato
gs://shehacks-1578767594591-vcm/A Baked Joint/Tomato/tomato6.jpg,Tomato
gs://shehacks-1578767594591-vcm/A Baked Joint/Tomato/tomato7.jpg,Tomato
gs://shehacks-1578767594591-vcm/A Baked Joint/Tomato/tomato9.jpg,Tomato
