gs://shehacks-1578767594591-vcm/Baked & Wired/cream-cheese0.jpg,Cream Cheese
gs://shehacks-1578767594591-vcm/Baked & Wired/cream-cheese1.jpg,Cream Cheese
gs://shehacks-1578767594591-vcm/Baked & Wired/cream-cheese11.jpg,Cream Cheese
gs://shehacks-1578767594591-vcm/Baked & Wired/cream-cheese13.jpg,Cream Cheese
gs://shehacks-1578767594591-vcm/Baked & Wired/cream-cheese15.jpg,Cream Cheese
gs://shehacks-1578767594591-vcm/Baked & Wired/cream-cheese17.jpg,Cream Cheese
gs://shehacks-1578767594591-vcm/Baked & Wired/cream-cheese2.jpg,Cream Cheese
gs://shehacks-1578767594591-vcm/Baked & Wired/cream-cheese21.jpg,Cream Cheese
gs://shehacks-1578767594591-vcm/Baked & Wired/cream-cheese3.jpg,Cream Cheese
gs://shehacks-1578767594591-vcm/Baked & Wired/cream-cheese6.jpg,Cream Cheese
gs://shehacks-1578767594591-vcm/Baked & Wired/cream-cheese9.jpg,Cream Cheese
gs://shehacks-1578767594591-vcm/Baked & Wired/ginger0.jpg,Ginger
gs://shehacks-1578767594591-vcm/Baked & Wired/ginger1.jpg,Ginger
gs://shehacks-1578767594591-vcm/Baked & Wired/ginger2.jpg,Ginger
gs://shehacks-1578767594591-vcm/Baked & Wired/ginger4.jpg,Ginger
gs://shehacks-1578767594591-vcm/Baked & Wired/ginger5.jpg,Ginger
gs://shehacks-1578767594591-vcm/Baked & Wired/ginger6.jpg,Ginger
