gs://shehacks-1578767594591-vcm/Pepper Twins/Dry-Fried Green Beans/dry-fried-green-beans0.jpg,Dry-Fried Green Beans
gs://shehacks-1578767594591-vcm/Pepper Twins/Dry-Fried Green Beans/dry-fried-green-beans15.jpg,Dry-Fried Green Beans
gs://shehacks-1578767594591-vcm/Pepper Twins/Dry-Fried Green Beans/dry-fried-green-beans18.jpg,Dry-Fried Green Beans
gs://shehacks-1578767594591-vcm/Pepper Twins/Dry-Fried Green Beans/dry-fried-green-beans19.jpg,Dry-Fried Green Beans
gs://shehacks-1578767594591-vcm/Pepper Twins/Dry-Fried Green Beans/dry-fried-green-beans2.jpg,Dry-Fried Green Beans
gs://shehacks-1578767594591-vcm/Pepper Twins/Dry-Fried Green Beans/dry-fried-green-beans3.jpg,Dry-Fried Green Beans
gs://shehacks-1578767594591-vcm/Pepper Twins/Dry-Fried Green Beans/dry-fried-green-beans6.jpg,Dry-Fried Green Beans
gs://shehacks-1578767594591-vcm/Pepper Twins/Dry-Fried Green Beans/dry-fried-green-beans7.jpg,Dry-Fried Green Beans
gs://shehacks-1578767594591-vcm/Pepper Twins/DryFried Green Beans/dry-fried-green-beans0.jpg,DryFried Green Beans
gs://shehacks-1578767594591-vcm/Pepper Twins/DryFried Green Beans/dry-fried-green-beans15.jpg,DryFried Green Beans
gs://shehacks-1578767594591-vcm/Pepper Twins/DryFried Green Beans/dry-fried-green-beans18.jpg,DryFried Green Beans
gs://shehacks-1578767594591-vcm/Pepper Twins/DryFried Green Beans/dry-fried-green-beans19.jpg,DryFried Green Beans
gs://shehacks-1578767594591-vcm/Pepper Twins/DryFried Green Beans/dry-fried-green-beans2.jpg,DryFried Green Beans
gs://shehacks-1578767594591-vcm/Pepper Twins/DryFried Green Beans/dry-fried-green-beans3.jpg,DryFried Green Beans
gs://shehacks-1578767594591-vcm/Pepper Twins/DryFried Green Beans/dry-fried-green-beans6.jpg,DryFried Green Beans
gs://shehacks-1578767594591-vcm/Pepper Twins/DryFried Green Beans/dry-fried-green-beans7.jpg,DryFried Green Beans
gs://shehacks-1578767594591-vcm/Pepper Twins/Fish Loves Tofu/fish-loves-tofu0.jpg,Fish Loves Tofu
gs://shehacks-1578767594591-vcm/Pepper Twins/Fish Loves Tofu/fish-loves-tofu1.jpg,Fish Loves Tofu
gs://shehacks-1578767594591-vcm/Pepper Twins/Fish Loves Tofu/fish-loves-tofu2.jpg,Fish Loves Tofu
gs://shehacks-1578767594591-vcm/Pepper Twins/Fish Loves Tofu/fish-loves-tofu3.jpg,Fish Loves Tofu
gs://shehacks-1578767594591-vcm/Pepper Twins/Fish Loves Tofu/fish-loves-tofu4.jpg,Fish Loves Tofu
gs://shehacks-1578767594591-vcm/Pepper Twins/Fried Spicy Chicken Cubes/fried-spicy-chicken-cubes0.jpg,Fried Spicy Chicken Cubes
gs://shehacks-1578767594591-vcm/Pepper Twins/Fried Spicy Chicken Cubes/fried-spicy-chicken-cubes1.jpg,Fried Spicy Chicken Cubes
gs://shehacks-1578767594591-vcm/Pepper Twins/Fried Spicy Chicken Cubes/fried-spicy-chicken-cubes2.jpg,Fried Spicy Chicken Cubes
gs://shehacks-1578767594591-vcm/Pepper Twins/Fried Spicy Chicken Cubes/fried-spicy-chicken-cubes3.jpg,Fried Spicy Chicken Cubes
gs://shehacks-1578767594591-vcm/Pepper Twins/Fried Spicy Chicken Cubes/fried-spicy-chicken-cubes4.jpg,Fried Spicy Chicken Cubes
gs://shehacks-1578767594591-vcm/Pepper Twins/Fried Spicy Chicken Cubes/fried-spicy-chicken-cubes5.jpg,Fried Spicy Chicken Cubes
gs://shehacks-1578767594591-vcm/Pepper Twins/Fried Spicy Chicken Cubes/fried-spicy-chicken-cubes6.jpg,Fried Spicy Chicken Cubes
gs://shehacks-1578767594591-vcm/Pepper Twins/Ginger Fish/ginger-fish0.jpg,Ginger Fish
gs://shehacks-1578767594591-vcm/Pepper Twins/Ginger Fish/ginger-fish1.jpg,Ginger Fish
gs://shehacks-1578767594591-vcm/Pepper Twins/Ginger Fish/ginger-fish2.jpg,Ginger Fish
gs://shehacks-1578767594591-vcm/Pepper Twins/Ginger Fish/ginger-fish3.jpg,Ginger Fish
gs://shehacks-1578767594591-vcm/Pepper Twins/Ginger Fish/ginger-fish4.jpg,Ginger Fish
gs://shehacks-1578767594591-vcm/Pepper Twins/Golden Eggplant/golden-eggplant0.jpg,Golden Eggplant
gs://shehacks-1578767594591-vcm/Pepper Twins/Golden Eggplant/golden-eggplant1.jpg,Golden Eggplant
gs://shehacks-1578767594591-vcm/Pepper Twins/Golden Eggplant/golden-eggplant2.jpg,Golden Eggplant
gs://shehacks-1578767594591-vcm/Pepper Twins/Golden Eggplant/golden-eggplant3.jpg,Golden Eggplant
gs://shehacks-1578767594591-vcm/Pepper Twins/Golden Eggplant/golden-eggplant4.jpg,Golden Eggplant
gs://shehacks-1578767594591-vcm/Pepper Twins/Golden Eggplant/golden-eggplant5.jpg,Golden Eggplant
gs://shehacks-1578767594591-vcm/Pepper Twins/Golden Eggplant/golden-eggplant6.jpg,Golden Eggplant
gs://shehacks-1578767594591-vcm/Pepper Twins/Golden Eggplant/golden-eggplant7.jpg,Golden Eggplant
gs://shehacks-1578767594591-vcm/Pepper Twins/Golden Eggplant/golden-eggplant8.jpg,Golden Eggplant
gs://shehacks-1578767594591-vcm/Pepper Twins/Golden Eggplant/golden-eggplant9.jpg,Golden Eggplant
gs://shehacks-1578767594591-vcm/Pepper Twins/Hot Diving Fish/hot-diving-fish0.jpg,Hot Diving Fish
gs://shehacks-1578767594591-vcm/Pepper Twins/Hot Diving Fish/hot-diving-fish1.jpg,Hot Diving Fish
gs://shehacks-1578767594591-vcm/Pepper Twins/Hot Diving Fish/hot-diving-fish2.jpg,Hot Diving Fish
gs://shehacks-1578767594591-vcm/Pepper Twins/Hot Diving Fish/hot-diving-fish3.jpg,Hot Diving Fish
gs://shehacks-1578767594591-vcm/Pepper Twins/Hot Diving Fish/hot-diving-fish4.jpg,Hot Diving Fish
gs://shehacks-1578767594591-vcm/Pepper Twins/Hot Diving Fish/hot-diving-fish6.jpg,Hot Diving Fish
gs://shehacks-1578767594591-vcm/Pepper Twins/Hot Diving Fish/hot-diving-fish7.jpg,Hot Diving Fish
gs://shehacks-1578767594591-vcm/Pepper Twins/Hot Diving Fish/hot-diving-fish8.jpg,Hot Diving Fish
gs://shehacks-1578767594591-vcm/Pepper Twins/Hot Diving Fish/hot-diving-fish9.jpg,Hot Diving Fish
gs://shehacks-1578767594591-vcm/Pepper Twins/Mapo Tofu with Ground Pork/mapo-tofu-with-ground-pork0.jpg,Mapo Tofu with Ground Pork
gs://shehacks-1578767594591-vcm/Pepper Twins/Mapo Tofu with Ground Pork/mapo-tofu-with-ground-pork1.jpg,Mapo Tofu with Ground Pork
gs://shehacks-1578767594591-vcm/Pepper Twins/Mapo Tofu with Ground Pork/mapo-tofu-with-ground-pork2.jpg,Mapo Tofu with Ground Pork
gs://shehacks-1578767594591-vcm/Pepper Twins/Mapo Tofu with Ground Pork/mapo-tofu-with-ground-pork3.jpg,Mapo Tofu with Ground Pork
gs://shehacks-1578767594591-vcm/Pepper Twins/Mapo Tofu with Ground Pork/mapo-tofu-with-ground-pork4.jpg,Mapo Tofu with Ground Pork
gs://shehacks-1578767594591-vcm/Pepper Twins/Mr and Mrs Smith/mr-and-mrs-smith0.jpg,Mr and Mrs Smith
gs://shehacks-1578767594591-vcm/Pepper Twins/Mr and Mrs Smith/mr-and-mrs-smith1.jpg,Mr and Mrs Smith
gs://shehacks-1578767594591-vcm/Pepper Twins/Mr and Mrs Smith/mr-and-mrs-smith2.jpg,Mr and Mrs Smith
gs://shehacks-1578767594591-vcm/Pepper Twins/Mr and Mrs Smith/mr-and-mrs-smith3.jpg,Mr and Mrs Smith
gs://shehacks-1578767594591-vcm/Pepper Twins/Mr and Mrs Smith/mr-and-mrs-smith4.jpg,Mr and Mrs Smith
gs://shehacks-1578767594591-vcm/Pepper Twins/Mr and Mrs Smith/mr-and-mrs-smith5.jpg,Mr and Mrs Smith
gs://shehacks-1578767594591-vcm/Pepper Twins/Mr and Mrs Smith/mr-and-mrs-smith6.jpg,Mr and Mrs Smith
gs://shehacks-1578767594591-vcm/Pepper Twins/Mr. and Mrs. Smith/mr-and-mrs-smith0.jpg,Mr. and Mrs. Smith
gs://shehacks-1578767594591-vcm/Pepper Twins/Mr. and Mrs. Smith/mr-and-mrs-smith1.jpg,Mr. and Mrs. Smith
gs://shehacks-1578767594591-vcm/Pepper Twins/Mr. and Mrs. Smith/mr-and-mrs-smith2.jpg,Mr. and Mrs. Smith
gs://shehacks-1578767594591-vcm/Pepper Twins/Mr. and Mrs. Smith/mr-and-mrs-smith3.jpg,Mr. and Mrs. Smith
gs://shehacks-1578767594591-vcm/Pepper Twins/Mr. and Mrs. Smith/mr-and-mrs-smith4.jpg,Mr. and Mrs. Smith
gs://shehacks-1578767594591-vcm/Pepper Twins/Mr. and Mrs. Smith/mr-and-mrs-smith5.jpg,Mr. and Mrs. Smith
gs://shehacks-1578767594591-vcm/Pepper Twins/Mr. and Mrs. Smith/mr-and-mrs-smith6.jpg,Mr. and Mrs. Smith
gs://shehacks-1578767594591-vcm/Pepper Twins/Orange Chicken/orange-chicken0.jpg,Orange Chicken
gs://shehacks-1578767594591-vcm/Pepper Twins/Orange Chicken/orange-chicken1.jpg,Orange Chicken
gs://shehacks-1578767594591-vcm/Pepper Twins/Orange Chicken/orange-chicken2.jpg,Orange Chicken
gs://shehacks-1578767594591-vcm/Pepper Twins/Orange Chicken/orange-chicken3.jpg,Orange Chicken
gs://shehacks-1578767594591-vcm/Pepper Twins/Orange Chicken/orange-chicken4.jpg,Orange Chicken
gs://shehacks-1578767594591-vcm/Pepper Twins/Orange Chicken/orange-chicken5.jpg,Orange Chicken
gs://shehacks-1578767594591-vcm/Pepper Twins/Orange Chicken/orange-chicken6.jpg,Orange Chicken
gs://shehacks-1578767594591-vcm/Pepper Twins/Pepper Twins Chicken/pepper-twins-chicken0.jpg,Pepper Twins Chicken
gs://shehacks-1578767594591-vcm/Pepper Twins/Pepper Twins Chicken/pepper-twins-chicken1.jpg,Pepper Twins Chicken
gs://shehacks-1578767594591-vcm/Pepper Twins/Pepper Twins Chicken/pepper-twins-chicken10.jpg,Pepper Twins Chicken
gs://shehacks-1578767594591-vcm/Pepper Twins/Pepper Twins Chicken/pepper-twins-chicken2.jpg,Pepper Twins Chicken
gs://shehacks-1578767594591-vcm/Pepper Twins/Pepper Twins Chicken/pepper-twins-chicken3.jpg,Pepper Twins Chicken
gs://shehacks-1578767594591-vcm/Pepper Twins/Pepper Twins Chicken/pepper-twins-chicken4.jpg,Pepper Twins Chicken
gs://shehacks-1578767594591-vcm/Pepper Twins/Pepper Twins Chicken/pepper-twins-chicken5.jpg,Pepper Twins Chicken
gs://shehacks-1578767594591-vcm/Pepper Twins/Pepper Twins Chicken/pepper-twins-chicken6.jpg,Pepper Twins Chicken
gs://shehacks-1578767594591-vcm/Pepper Twins/Pepper Twins Chicken/pepper-twins-chicken7.jpg,Pepper Twins Chicken
gs://shehacks-1578767594591-vcm/Pepper Twins/Pepper Twins Chicken/pepper-twins-chicken8.jpg,Pepper Twins Chicken
gs://shehacks-1578767594591-vcm/Pepper Twins/Pepper Twins Chicken/pepper-twins-chicken9.jpg,Pepper Twins Chicken
